match_id,cluster_id,segment_id,fight_start_s,fight_end_s,clip_start_s,clip_end_s,kills_in_fight,participants_est,top_killer_participantId,top_killer_champ,top_killer_kills,obj_dragon,obj_baron,obj_herald,obj_atakhan,obj_tower,obj_inhib,champs_involved,kill_feed,tags
NA1_5441940357,-1,2,390,540,382,546,8,10,2,Shaco,3,0,0,0,0,1,0,Ashe;Caitlyn;Chogath;Lux;Mel;Morgana;Shaco;Viktor;XinZhao;Yone,"Mel -> Ashe | Caitlyn -> Viktor (assists: Shaco) | Yone -> Morgana (assists: Mel) | Shaco -> XinZhao (assists: Yone, Mel) | Shaco -> Morgana (assists: Yone) | Chogath -> Yone | Mel -> XinZhao (assists: Caitlyn, Lux) | Shaco -> Chogath (assists: Yone)",multi-kill
NA1_5441940357,-1,8,1350,1470,1342,1476,7,9,3,Mel,2,0,0,0,0,4,1,Caitlyn;Chogath;Lux;Mel;Morgana;Shaco;Viktor;XinZhao;Yone,"Mel -> Morgana (assists: Caitlyn, Lux) | Viktor -> Caitlyn | Lux -> Viktor (assists: Shaco, Mel, Caitlyn) | XinZhao -> Shaco (assists: Viktor) | Mel -> XinZhao (assists: Lux) | Chogath -> Yone (assists: Morgana) | Lux -> Morgana (assists: Yone, Shaco, Mel)",
NA1_5441940357,-1,7,1200,1290,1192,1296,8,9,8,Viktor,2,0,0,0,0,0,0,Ashe;Chogath;Lux;Mel;Morgana;Shaco;Viktor;XinZhao;Yone,"Viktor -> Lux (assists: XinZhao, Morgana) | Shaco -> Ashe | XinZhao -> Yone (assists: Morgana) | Mel -> XinZhao (assists: Yone, Lux) | Mel -> Morgana | Chogath -> Shaco | Shaco -> Chogath (assists: Lux) | Viktor -> Mel",
NA1_5441964751,-1,3,690,870,682,876,9,10,7,Skarner,3,0,0,0,0,0,0,Ahri;Ambessa;Anivia;Aphelios;Azir;Khazix;Milio;Neeko;Skarner;Xerath,Khazix -> Milio (assists: Xerath) | Khazix -> Aphelios (assists: Neeko) | Ahri -> Azir | Skarner -> Xerath | Skarner -> Ambessa (assists: Anivia) | Skarner -> Khazix (assists: Anivia) | Aphelios -> Neeko (assists: Milio) | Ahri -> Azir,multi-kill
NA1_5441964751,-1,-1,150,270,142,276,7,10,2,Khazix,3,0,0,0,0,0,0,Ahri;Ambessa;Anivia;Aphelios;Azir;Khazix;Milio;Neeko;Skarner;Xerath,Azir -> Ahri | Milio -> Neeko (assists: Aphelios) | Khazix -> Aphelios (assists: Xerath) | Skarner -> Ahri (assists: Azir) | Khazix -> Milio | Anivia -> Ambessa (assists: Skarner) | Khazix -> Azir,multi-kill
NA1_5441964751,-1,4,960,1020,952,1026,4,7,7,Skarner,1,0,0,0,0,1,0,Ambessa;Aphelios;Azir;Khazix;Milio;Skarner;Xerath,"Skarner -> Ambessa (assists: Azir, Milio) | Xerath -> Aphelios | Azir -> Khazix (assists: Milio) | Ambessa -> Milio",
NA1_5441981348,-1,1,180,540,172,546,17,10,6,Ambessa,4,0,0,0,0,0,0,Ambessa;Aphelios;Azir;LeeSin;Leona;MasterYi;Pyke;Sion;Syndra;Yunara,"Ambessa -> Sion | Yunara -> Aphelios | MasterYi -> Pyke (assists: Yunara, Leona) | Pyke -> Yunara (assists: Aphelios) | Syndra -> Azir | LeeSin -> MasterYi (assists: Aphelios) | Pyke -> Leona (assists: LeeSin, Aphelios) | Sion -> Ambessa",multi-kill
NA1_5441981348,-1,5,1050,1260,1042,1266,15,10,9,Aphelios,3,0,0,0,0,1,0,Ambessa;Aphelios;Azir;LeeSin;Leona;MasterYi;Pyke;Sion;Syndra;Yunara,"Ambessa -> Sion | MasterYi -> Ambessa (assists: Sion) | Syndra -> Azir | MasterYi -> Syndra | LeeSin -> MasterYi (assists: Syndra, Pyke) | LeeSin -> Yunara (assists: Pyke) | Aphelios -> Sion (assists: Ambessa, LeeSin, Pyke) | Sion -> LeeSin (assists: Leona)",multi-kill
NA1_5441981348,-1,3,750,810,742,816,4,8,9,Aphelios,3,0,0,0,0,0,0,Aphelios;Azir;LeeSin;Leona;MasterYi;Pyke;Syndra;Yunara,"Aphelios -> Yunara | Aphelios -> MasterYi (assists: LeeSin, Pyke) | Syndra -> Azir | Aphelios -> Leona (assists: LeeSin, Pyke)",multi-kill
NA1_5442024222,-1,1,510,600,502,606,5,9,6,Jayce,1,0,0,0,0,0,0,Anivia;Jayce;Kaisa;Kalista;Lux;Pyke;Syndra;Thresh;XinZhao,Jayce -> Kalista | Thresh -> Syndra (assists: Anivia) | Pyke -> XinZhao (assists: Kalista) | Lux -> Pyke (assists: Thresh) | Kaisa -> Thresh (assists: Pyke),
NA1_5442024222,-1,5,1170,1230,1162,1236,5,8,10,Thresh,1,0,0,0,0,2,1,Anivia;Jayce;Kaisa;Kalista;Lux;Naafiri;Pyke;Thresh,"Thresh -> Pyke (assists: Anivia, Lux) | Jayce -> Kaisa (assists: Lux, Thresh) | Lux -> Naafiri (assists: Jayce, Anivia, Thresh) | Kalista -> Jayce | Anivia -> Kalista (assists: Jayce, Lux, Thresh)",
NA1_5442024222,-1,-1,270,330,262,336,4,8,7,XinZhao,2,0,0,0,0,0,0,Jayce;Kaisa;Kalista;Lux;Naafiri;Pyke;Thresh;XinZhao,Thresh -> Pyke (assists: Lux) | XinZhao -> Naafiri | XinZhao -> Kalista (assists: Jayce) | Lux -> Kaisa,
NA1_5442139046,-1,-1,240,420,232,426,8,9,1,Renekton,2,0,0,0,0,0,0,Bard;Caitlyn;Hwei;Jax;Kindred;Lulu;MissFortune;Renekton;XinZhao,"Hwei -> Lulu (assists: XinZhao, MissFortune, Bard) | Renekton -> Jax | Bard -> Caitlyn (assists: MissFortune) | Renekton -> Jax | MissFortune -> Lulu (assists: XinZhao, Bard) | MissFortune -> Caitlyn (assists: XinZhao, Bard) | Caitlyn -> MissFortune | Kindred -> Jax (assists: Renekton)",
NA1_5442139046,-1,4,1170,1230,1162,1236,4,8,6,Jax,1,0,0,0,0,1,1,Bard;Caitlyn;Hwei;Jax;Kindred;MissFortune;Renekton;XinZhao,"Jax -> Renekton (assists: XinZhao) | Renekton -> XinZhao | MissFortune -> Caitlyn (assists: Hwei, Bard) | Kindred -> Jax",
NA1_5442139046,-1,6,1560,1650,1552,1656,4,9,6,Jax,1,0,0,0,0,1,1,Bard;Hwei;Jax;Kindred;Lulu;MissFortune;Renekton;Syndra;XinZhao,"Jax -> Renekton | Kindred -> XinZhao (assists: Syndra, Lulu) | Hwei -> Kindred (assists: Jax, Bard) | MissFortune -> Lulu (assists: Jax, Hwei, Bard)",
NA1_5442226236,-1,7,1530,1620,1522,1626,8,10,4,MissFortune,3,0,0,0,0,5,2,Aatrox;Karma;LeeSin;MissFortune;Olaf;Seraphine;Shyvana;Vayne;Yasuo;Zyra,"Vayne -> Aatrox | LeeSin -> Vayne (assists: Aatrox, Seraphine) | MissFortune -> Yasuo (assists: Zyra) | MissFortune -> Karma (assists: Zyra, Seraphine) | MissFortune -> Vayne (assists: Zyra, Seraphine) | Vayne -> MissFortune (assists: Karma) | Zyra -> Shyvana (assists: LeeSin, Seraphine) | Aatrox -> Olaf",multi-kill
NA1_5442226236,-1,6,1230,1320,1222,1326,4,7,8,Yasuo,1,0,0,0,0,1,0,Aatrox;Karma;LeeSin;MissFortune;Seraphine;Shyvana;Yasuo,"Yasuo -> MissFortune | Seraphine -> Yasuo (assists: Aatrox) | LeeSin -> Karma (assists: Aatrox, MissFortune, Seraphine) | MissFortune -> Shyvana (assists: Aatrox, LeeSin, Seraphine)",
NA1_5442855892,-1,2,840,930,832,936,6,9,3,Zed,3,1,0,0,0,2,0,Ashe;Gwen;Jayce;Jhin;LeeSin;Leona;Senna;Shaco;Zed,"Zed -> LeeSin (assists: Shaco, Leona) | Jayce -> Gwen | Zed -> Senna (assists: Shaco, Leona) | Zed -> Senna (assists: Ashe, Leona) | Jhin -> Ashe (assists: Senna) | Jhin -> Zed",multi-kill;objective-fight
NA1_5442855892,-1,4,1320,1380,1312,1386,5,10,4,Ashe,3,0,0,0,0,0,0,Ashe;Gwen;Jayce;Jhin;LeeSin;Leona;Malzahar;Senna;Shaco;Zed,"Jhin -> Zed (assists: Gwen, Senna) | Jhin -> Jayce (assists: Malzahar) | Ashe -> LeeSin (assists: Leona) | Ashe -> Gwen (assists: Shaco, Leona) | Ashe -> Malzahar (assists: Leona)",multi-kill
NA1_5442855892,-1,3,1110,1170,1102,1176,4,9,2,Shaco,1,0,0,0,0,4,0,Ashe;Gwen;Jayce;LeeSin;Leona;Malzahar;Senna;Shaco;Zed,"Shaco -> LeeSin (assists: Jayce, Ashe, Leona) | Ashe -> Senna (assists: Jayce, Shaco, Leona) | Jayce -> Gwen (assists: Shaco, Leona) | Zed -> Malzahar",
NA1_5442877400,-1,3,570,780,562,786,9,10,2,Diana,3,0,0,0,0,0,0,Ambessa;Diana;Galio;Graves;Janna;MissFortune;Rakan;Viego;Yorick;Zeri,"Ambessa -> Yorick | Diana -> MissFortune (assists: Zeri, Rakan) | Diana -> Janna (assists: Rakan) | Graves -> Yorick (assists: Ambessa) | MissFortune -> Rakan (assists: Janna) | MissFortune -> Zeri (assists: Janna) | Viego -> Galio | Ambessa -> Yorick",multi-kill
NA1_5442877400,-1,5,1110,1170,1102,1176,7,10,6,Ambessa,4,0,0,0,0,0,0,Ambessa;Diana;Galio;Graves;Janna;MissFortune;Rakan;Viego;Yorick;Zeri,"Ambessa -> Diana (assists: Graves, Galio, MissFortune, Janna) | Viego -> Graves (assists: Zeri, Rakan) | Viego -> MissFortune (assists: Diana, Zeri, Rakan) | Ambessa -> Zeri (assists: Galio, Janna) | Ambessa -> Rakan (assists: Galio, Janna) | Janna -> Viego (assists: Ambessa, Galio) | Ambessa -> Yorick (assists: Galio, Janna)",multi-kill
NA1_5442877400,-1,7,1920,2010,1912,2016,7,10,7,Graves,3,1,0,0,0,4,2,Ambessa;Diana;Galio;Graves;Janna;MissFortune;Rakan;Viego;Yorick;Zeri,"Yorick -> Galio (assists: Diana, Viego, Zeri, Rakan) | Viego -> MissFortune (assists: Yorick, Diana, Zeri, Rakan) | Viego -> Janna (assists: Yorick, Zeri, Rakan) | Graves -> Viego (assists: Ambessa, Galio) | Ambessa -> Rakan (assists: Graves) | Graves -> Yorick (assists: Ambessa, Galio, Janna) | Graves -> Zeri (assists: Galio, Janna)",multi-kill;objective-fight
NA1_5442907712,-1,4,750,930,742,936,11,10,4,Sivir,4,0,0,0,0,2,0,Aatrox;Akali;Garen;Hwei;Karma;Lillia;Nami;Shaco;Sivir;Twitch,"Twitch -> Karma (assists: Nami) | Sivir -> Twitch (assists: Karma) | Sivir -> Nami | Akali -> Karma (assists: Lillia) | Akali -> Shaco | Shaco -> Akali (assists: Hwei, Karma) | Aatrox -> Garen | Sivir -> Twitch (assists: Karma)",multi-kill
NA1_5442907712,-1,7,1470,1530,1462,1536,6,10,7,Lillia,2,0,0,0,0,1,0,Aatrox;Akali;Garen;Hwei;Karma;Lillia;Nami;Shaco;Sivir;Twitch,"Aatrox -> Garen (assists: Nami) | Sivir -> Twitch (assists: Hwei, Karma) | Lillia -> Sivir (assists: Akali) | Lillia -> Karma (assists: Akali) | Shaco -> Lillia | Nami -> Hwei",
NA1_5442907712,-1,6,1230,1320,1222,1326,5,9,2,Shaco,2,0,0,0,0,0,0,Aatrox;Garen;Hwei;Karma;Lillia;Nami;Shaco;Sivir;Twitch,"Garen -> Twitch | Shaco -> Nami (assists: Hwei, Sivir, Karma) | Aatrox -> Sivir (assists: Lillia, Twitch, Nami) | Shaco -> Twitch (assists: Hwei, Sivir, Karma) | Hwei -> Aatrox (assists: Shaco, Karma)",
NA1_5442938752,-1,2,600,870,592,876,13,10,4,Kaisa,3,1,0,0,0,1,0,Ahri;Bard;Braum;Caitlyn;Kaisa;LeeSin;Lux;Naafiri;Poppy;Urgot,"Lux -> Ahri | Naafiri -> Urgot | Urgot -> Poppy | Kaisa -> Caitlyn (assists: Braum) | Ahri -> Lux | LeeSin -> Ahri | LeeSin -> Poppy (assists: Lux, Bard) | Caitlyn -> Braum (assists: LeeSin, Lux, Bard)",multi-kill;objective-fight
NA1_5442938752,-1,3,960,1080,952,1086,7,8,4,Kaisa,2,0,0,0,0,2,0,Ahri;Bard;Braum;Caitlyn;Kaisa;LeeSin;Lux;Naafiri,"Kaisa -> Bard | Kaisa -> Lux | Lux -> Kaisa | Bard -> Ahri (assists: Lux, Caitlyn) | LeeSin -> Braum (assists: Lux, Caitlyn, Bard) | Caitlyn -> Kaisa (assists: LeeSin, Bard) | Naafiri -> Lux",
NA1_5442938752,-1,6,1620,1680,1612,1686,6,10,6,Urgot,2,0,0,0,0,1,0,Ahri;Bard;Braum;Caitlyn;Kaisa;LeeSin;Lux;Naafiri;Poppy;Urgot,"Braum -> Bard (assists: Naafiri, Poppy) | Urgot -> Naafiri (assists: LeeSin, Caitlyn) | Urgot -> Poppy (assists: LeeSin, Lux, Caitlyn) | Caitlyn -> Kaisa (assists: Urgot, Lux) | Lux -> Ahri (assists: LeeSin) | LeeSin -> Braum (assists: Lux)",
